Country,Total_cases,New_cases,Total_deaths,New_Deaths,Total_recovered,New_recovered,Active_cases,Serious_critical,Cases/1Mpop,Deaths/1Mpop,Total_tests,Tests/1Mpop,Population,Area
USA,"105,394,979",,"1,146,735",,"102,861,683",,"1,386,561","2,726","314,795","3,425","1,167,638,933","3,487,517","334,805,269",North America
India,"44,687,820",,"530,775",,"44,154,254",,"2,791",,"31,769",377,"919,095,823","653,402","1,406,631,776",Asia
Germany,"38,210,850",,"168,397",,"37,749,800","+3,100","292,653",,"455,522","2,008","122,332,384","1,458,359","83,883,596",Europe
Japan,"33,260,228","+8,731","72,771",50.0,"21,693,335",+640,"11,494,122",132,"264,843",579,"95,633,415","761,504","125,584,838",Asia
Italy,"25,603,510",,"188,322",,"25,267,118",,"148,070",137,"424,864","3,125","268,196,399","4,450,449","60,262,770",Europe
Russia,"22,342,128","+13,559","396,298",43.0,"21,677,256","+8,936","268,574",,"153,232","2,718","273,400,000","1,875,095","145,805,947",Europe
Australia,"11,385,534",,"19,459",,"11,332,576",,"33,499",27,"436,750",746,"78,835,048","3,024,116","26,068,792",Australia/Oceania
Argentina,"10,044,125",,"130,463",,"9,909,866",,"3,796",363,"218,302","2,836","35,716,069","776,264","46,010,234",South America
Iran,"7,569,769",,"144,878",,"7,339,641",,"85,250",312,"87,997","1,684","55,034,937","639,771","86,022,837",Asia
Indonesia,"6,737,159",+165,"160,930",2.0,"6,573,185",+576,"3,044",,"24,136",577,"114,158,919","408,975","279,134,505",Asia
Colombia,"6,360,089",,"142,629",,"6,183,658",,"33,802",342,"123,466","2,769","36,951,507","717,327","51,512,762",South America
Greece,"5,871,458",,"36,185",,"5,814,325","+2,618","20,948",115,"569,125","3,507","102,228,365","9,909,078","10,316,637",Europe
Ukraine,"5,389,439",,"111,235",,"5,265,577",,"12,627",,"124,778","2,575","32,603,805","754,855","43,192,122",Europe
Malaysia,"5,043,626",,"36,965",,"4,997,422",,"9,239",4,"152,003","1,114","68,255,672","2,057,067","33,181,072",Asia
DPRK,"4,772,813",,74,,"4,772,739",,0,,"183,636",3,,,"25,990,679",Asia
Belgium,"4,727,795",,"33,775",,"4,661,628",+558,"32,392",43,"405,184","2,895","36,752,058","3,149,741","11,668,278",Europe
Canada,"4,591,149",,"51,249",,"4,506,654","+1,529","33,246",99,"119,597","1,335","66,343,123","1,728,207","38,388,419",North America
Switzerland,"4,391,007",,"14,452",,"4,373,026",,"3,529",39,"500,477","1,647","23,833,472","2,716,487","8,773,637",Europe
South Africa,"4,064,889",,"102,595",,"3,912,506",,"49,788",192,"66,905","1,689","26,795,090","441,027","60,756,135",Africa
Denmark,"3,175,474",,"8,277",,"3,166,216",,981,19,"544,216","1,419","129,201,848","22,142,752","5,834,950",Europe
Sweden,"2,698,535",,"23,703",,"2,671,601",+218,"3,231",8,"264,071","2,320","19,477,620","1,906,026","10,218,971",Europe
Iraq,"2,465,545",,"25,375",,"2,439,497",,673,21,"58,474",602,"19,544,451","463,523","42,164,965",Asia
New Zealand,"2,216,852",,"3,904",,"2,205,354",,"7,594",,"452,585",797,"7,768,604","1,586,011","4,898,203",Australia/Oceania
Bangladesh,"2,037,829",,"29,445",,"1,998,448",,"9,936",,"12,138",175,"15,254,399","90,862","167,885,689",Asia
Georgia,"1,825,598",,"16,965",,"1,776,548",,"32,085",,"459,995","4,275","16,920,079","4,263,340","3,968,738",Asia
Ireland,"1,703,850",,"8,691",,"1,692,852",+240,"2,307",12,"339,399","1,731","13,033,385","2,596,189","5,020,199",Europe
Norway,"1,479,235",,"5,213",,"1,473,323",,699,20,"268,397",946,"11,002,430","1,996,315","5,511,370",Europe
Kazakhstan,"1,408,124",,"13,846",,"1,383,020",,"11,258",24,"73,321",721,"11,575,012","602,707","19,205,043",Asia
Lithuania,"1,306,327",+51,"9,594",,"1,290,461",+49,"6,272",7,"490,785","3,604","10,381,848","3,900,446","2,661,708",Europe
Morocco,"1,272,486",,"16,296",,"1,256,124",,66,3,"33,688",431,"12,989,908","343,896","37,772,756",Africa
Guatemala,"1,237,335",,"20,177",,"1,216,061",,"1,097",5,"66,581","1,086","6,948,424","373,892","18,584,039",North America
Costa Rica,"1,204,164",,"9,230",,"860,711",,"334,223",52,"232,358","1,781","4,659,757","899,158","5,182,354",North America
Tunisia,"1,150,962",,"29,331",,,,,44,"95,542","2,435","5,002,248","415,240","12,046,656",Africa
Ecuador,"1,057,121",,"36,014",,"1,020,564",,543,759,"58,361","1,988","3,082,403","170,173","18,113,361",South America
Uruguay,"1,034,303",,"7,617",,"1,026,186",,500,18,"295,852","2,179","6,114,822","1,749,083","3,496,016",South America
Mongolia,"1,007,897",,"2,179",,"1,005,716",,2,192,"298,364",645,"4,030,048","1,193,000","3,378,078",Asia
Belarus,"994,037",,"7,118",,"985,592",,"1,327",,"105,381",755,"13,646,641","1,446,722","9,432,800",Europe
Saudi Arabia,"829,688",,"9,617",,"816,858",,"3,213",31,"23,147",268,"45,151,519","1,259,635","35,844,909",Asia
Paraguay,"808,401",,"19,878",,,,,7,"110,651","2,721","2,657,506","363,751","7,305,843",South America
Sri Lanka,"672,032",,"16,830",,"655,202",,0,,"31,147",780,"6,486,117","300,619","21,575,842",Asia
Dominican Republic,"660,705",,"4,384",,"644,785",,"11,536",4,"59,758",397,"3,740,928","338,350","11,056,370",North America
Myanmar,"633,945",,"19,490",,"614,409",,46,,"11,479",353,"10,068,417","182,309","55,227,143",Asia
Estonia,"615,119",,"2,940",,"524,990",,"87,189",3,"465,326","2,224","3,675,293","2,780,290","1,321,910",Europe
Venezuela,"552,051",,"5,854",,"545,907",,290,36,"18,863",200,"3,359,014","114,771","29,266,991",South America
Libya,"507,174",,"6,437",,"500,734",,3,,"72,034",914,"2,483,676","352,758","7,040,745",Africa
Ethiopia,"500,039",,"7,572",,"487,293",,"5,174",1,"4,139",63,"5,493,115","45,468","120,812,698",Africa
Réunion,"486,588",,921,,"418,572",,"67,095",10,"535,854","1,014","1,603,660","1,766,027","908,061",Africa
Armenia,"446,819",,"8,721",,"435,162",,"2,936",,"150,345","2,934","3,242,901","1,091,164","2,971,966",Asia
Oman,"399,449",,"4,628",,"384,669",,"10,152",2,"75,028",869,"25,000,000","4,695,724","5,323,993",Asia
Zambia,"343,079",,"4,057",,"338,734",,288,,"17,621",208,"3,937,973","202,256","19,470,234",Africa
Albania,"334,427",,"3,597",,"329,169",,"1,661",,"116,672","1,255","1,941,032","677,173","2,866,374",Europe
Luxembourg,"297,757",,"1,133",,"288,991",,"7,633",,"463,528","1,764","4,412,567","6,869,188","642,371",Europe
Brunei,"278,698",,225,,"243,601",,"34,872",3,"625,682",505,"717,784","1,611,437","445,431",Asia
Nigeria,"266,598",,"3,155",,"259,917",,"3,526",11,"1,230",15,"5,708,974","26,339","216,746,934",Africa
Uzbekistan,"251,071",,"1,637",,"241,486",,"7,948",23,"7,302",48,"1,377,915","40,077","34,382,084",Asia
Martinique,"229,807",,"1,098",,,,,12,"614,314","2,935","828,928","2,215,870","374,087",North America
Afghanistan,"209,390",+20,"7,896",,"191,212",+31,"10,282",45,"5,138",194,"1,202,290","29,501","40,754,388",Asia
Kyrgyzstan,"206,673",,"2,991",,"196,406",,"7,276",131,"30,717",445,"1,907,195","283,460","6,728,271",Asia
El Salvador,"201,785",,"4,230",,"179,410",,"18,145",8,"30,805",646,"2,610,114","398,467","6,550,389",North America
Maldives,"185,732",,311,,"163,687",,"21,734",25,"343,322",575,"2,213,831","4,092,223","540,985",Asia
Namibia,"171,156",,"4,090",,"166,776",,290,,"64,983","1,553","1,062,663","403,460","2,633,874",Africa
Jamaica,"154,196",,"3,502",,"102,393",,"48,301",,"51,655","1,173","1,183,986","396,633","2,985,094",North America
Rwanda,"133,180",,"1,468",,"131,634",,78,,"9,792",108,"6,021,981","442,778","13,600,464",Africa
Malta,"117,477",,827,,"116,028",,622,4,"264,568","1,862","2,117,102","4,767,893","444,033",Europe
Angola,"105,277",,"1,933",,"103,317",,27,,"3,006",55,"1,499,795","42,818","35,027,343",Africa
French Guiana,"98,041",,420,,"11,254",,"86,367",6,"312,065","1,337","651,257","2,072,951","314,169",South America
Senegal,"88,921",,"1,971",,"86,947",,3,,"5,037",112,"1,146,543","64,946","17,653,671",Africa
Ivory Coast,"88,240",,834,,"87,375",,31,,"3,181",30,"1,680,188","60,564","27,742,298",Africa
New Caledonia,"79,881",,314,,"79,558",,9,9,"274,585","1,079","98,964","340,182","290,915",Australia/Oceania
Eswatini,"74,199",,"1,423",,"72,726",,50,,"62,625","1,201","1,048,704","885,119","1,184,817",Africa
Belize,"70,757",,688,,"70,056",,13,6,"171,661","1,669","576,016","1,397,453","412,190",North America
Madagascar,"67,865",,"1,422",,"66,433",,10,,"2,326",49,"525,461","18,009","29,178,077",Africa
Mauritania,"63,668",,997,,"62,441",,230,,"12,988",203,"1,009,957","206,030","4,901,981",Africa
Bhutan,"62,620",,21,,"61,564",,"1,035",,"79,473",27,"2,303,734","2,923,739","787,941",Asia
Burundi,"53,631",,38,,"53,569",,24,,"4,248",3,"345,742","27,386","12,624,840",Africa
Gabon,"48,981",,306,,"48,674",,1,,"21,008",131,"1,621,909","695,641","2,331,533",Africa
Papua New Guinea,"46,809",,670,,"43,982",,"2,157",7,"5,037",72,"249,149","26,813","9,292,169",Australia/Oceania
Aruba,"44,044",,236,,"42,438",,"1,370",2,"409,297","2,193","177,885","1,653,068","107,609",North America
Mayotte,"42,004",,188,,,,,,"146,734",657,"176,919","618,038","286,259",Africa
Togo,"39,390",,290,,"39,078",,22,,"4,538",33,"808,565","93,144","8,680,837",Africa
Isle of Man,"38,008",,116,,,,,,"443,335","1,353","150,753","1,758,422","85,732",Europe
Lesotho,"34,790",,723,,"25,980",,"8,087",,"15,990",332,"431,221","198,199","2,175,699",Africa
Haiti,"34,202",,860,,"33,052",,290,,"2,928",74,"132,422","11,337","11,680,283",North America
Cayman Islands,"31,472",,37,,"8,553",,"22,882",1,"467,797",550,"222,773","3,311,280","67,277",North America
Benin,"27,990",,163,,"27,825",,2,,"2,189",13,"604,310","47,268","12,784,726",Africa
Congo,"25,375",,386,,"24,006",,983,,"4,377",67,"347,815","59,991","5,797,805",Africa
Micronesia,"23,948",,61,,,,,1,"203,832",519,"54,967","467,848","117,489",Australia/Oceania
Timor-Leste,"23,418",,138,,"23,102",,178,,"17,101",101,"278,529","203,391","1,369,429",Asia
Liechtenstein,"21,426",,89,,"21,300",,37,1,"558,158","2,318","112,457","2,929,559","38,387",Europe
Grenada,"19,680",,238,,"19,358",,84,4,"173,430","2,097","182,981","1,612,523","113,475",North America
Nicaragua,"18,491",,225,,"4,225",,"14,041",,"2,728",33,,,"6,779,100",North America
Tajikistan,"17,786",,125,,"17,264",,397,,"1,786",13,,,"9,957,464",Asia
Tonga,"16,807",,13,,"15,638",,"1,156",,"155,983",121,"535,009","4,965,327","107,749",Australia/Oceania
Monaco,"16,115",,67,,"15,992",,56,4,"405,073","1,684","78,646","1,976,875","39,783",Europe
Djibouti,"15,690",,189,,"15,427",,74,,"15,441",186,"305,941","301,094","1,016,097",Africa
CAR,"15,368",,113,,"15,200",,55,2,"3,063",23,"81,294","16,205","5,016,678",Africa
Saint Martin,"12,257",,63,,"1,399",,"10,795",7,"308,507","1,586","112,382","2,828,643","39,730",North America
Greenland,"11,971",,21,,"2,761",,"9,189",4,"210,117",369,"164,926","2,894,810","56,973",North America
Caribbean Netherlands,"11,676",,38,,"10,476",,"1,162",,"438,173","1,426","30,126","1,130,559","26,647",North America
Eritrea,"10,189",,103,,"10,086",,0,,"2,782",28,"23,693","6,470","3,662,244",Africa
St. Vincent Grenadines,"9,589",,123,,"9,466",,0,,"85,961","1,103","113,703","1,019,292","111,551",North America
Comoros,"9,001",,161,,"8,838",,2,,"9,919",177,,,"907,419",Africa
Liberia,"8,090",,295,,"7,783",,12,2,"1,525",56,"139,824","26,356","5,305,117",Africa
Chad,"7,678",,194,,"4,874",,"2,610",,441,11,"191,341","10,988","17,413,580",Africa
Cook Islands,"7,030",,2,,"7,027",,1,,"400,091",114,"19,690","1,120,596","17,571",Australia/Oceania
Turks and Caicos,"6,551",,38,,"6,491",,22,4,"164,842",956,"611,527","15,387,811","39,741",North America
Palau,"5,989",,9,,"5,976",,4,,"328,470",494,"69,136","3,791,806","18,233",Australia/Oceania
Nauru,"5,247",,1,,"5,075",,171,,"481,244",92,"20,509","1,881,042","10,903",Australia/Oceania
Anguilla,"3,904",,12,,"3,879",,13,4,"256,336",788,"51,382","3,373,736","15,230",North America
Saint Pierre Miquelon,"3,452",,2,,"2,449",,"1,001",1,"599,410",347,"25,400","4,410,488","5,759",North America
Tuvalu,"2,805",,,,,,"2,805",,"232,471",,,,"12,066",Australia/Oceania
Falkland Islands,"1,930",,,,"1,930",,0,,"545,352",,"8,632","2,439,107","3,539",South America
Niue,790,,,,784,,6,,"487,053",,,,"1,622",Australia/Oceania
Diamond Princess,712,,13,,699,,0,,,,,,,
Western Sahara,10,,1,,9,,0,,16,2,,,"626,161",Africa
Tokelau,5,,,,,,5,,"3,628",,,,"1,378",Australia/Oceania
France,"39,638,159",,"165,030",,"39,399,753",,"73,376",869,"604,383","2,516","271,490,188","4,139,547","65,584,518",Europe
Brazil,"37,076,053",,"699,276",,"36,249,161",,"127,616",,"172,164","3,247","63,776,166","296,146","215,353,593",South America
S. Korea,"30,555,102",,"34,020",,"30,350,681",,"170,401",143,"595,269",663,"15,804,065","307,892","51,329,899",Asia
UK,"24,370,154",,"206,952",,"24,102,268","+2,803","60,934",,"355,780","3,021","522,526,476","7,628,357","68,497,907",Europe
Turkey,"17,042,722",,"101,492",,,,,,"199,186","1,186","162,743,369","1,902,052","85,561,976",Asia
Spain,"13,770,429",,"119,479",,"13,615,878",,"35,072",231,"294,749","2,557","471,036,328","10,082,298","46,719,142",Europe
Vietnam,"11,526,962",,"43,186",,"10,614,788",,"868,988",3,"116,489",436,"85,826,548","867,342","98,953,541",Asia
Taiwan,"10,105,039","+10,307","18,203",60.0,"9,803,603","+12,577","283,233",,"423,007",762,"30,742,304","1,286,903","23,888,595",Asia
Netherlands,"8,598,182",,"22,992",,"8,560,296",+432,"14,894",53,"499,562","1,336","25,984,435","1,509,718","17,211,447",Europe
Mexico,"7,470,128",,"333,096",,"6,703,859",,"433,173",,"56,780","2,532","19,572,325","148,768","131,562,772",North America
Poland,"6,432,315",+427,"118,952",,"5,335,940",,"977,423",696,"170,439","3,152","38,309,361","1,015,092","37,739,785",Europe
Austria,"5,936,666",,"21,921",,"5,854,585",,"60,160",72,"654,776","2,418","211,273,524","23,302,116","9,066,710",Europe
Portugal,"5,568,084",,"26,180",,"5,538,074",,"3,830",61,"549,090","2,582","45,980,330","4,534,294","10,140,570",Europe
Chile,"5,177,770",,"64,222",,"5,101,501",,"12,047",83,"268,972","3,336","48,501,621","2,519,539","19,250,195",South America
Israel,"4,801,230",,"12,303",,"4,781,252",,"7,675",57,"514,822","1,319","41,373,364","4,436,346","9,326,000",Asia
Thailand,"4,728,035",,"33,911",,"4,692,636",,"1,488",,"67,468",484,"17,270,775","246,450","70,078,203",Asia
Czechia,"4,614,022",+137,"42,465",,"4,562,772","+1,149","8,785",39,"429,740","3,955","57,018,324","5,310,559","10,736,784",Europe
Peru,"4,486,832",+167,"219,493",8.0,"4,265,284",+111,"2,055",33,"133,203","6,516","38,089,514","1,130,783","33,684,208",South America
Philippines,"4,077,002",+144,"66,153",10.0,"4,001,906",+241,"8,943",162,"36,237",588,"34,637,220","307,862","112,508,994",Asia
Romania,"3,340,342",,"67,704",,"3,263,301",,"9,337",115,"175,518","3,558","26,676,248","1,401,701","19,031,335",Europe
Hong Kong,"2,883,655",,"13,462",,"2,855,881",,"14,312",28,"379,214","1,770","76,127,725","10,011,143","7,604,299",Asia
Serbia,"2,495,808",,"17,847",,"2,463,549",,"14,412",10,"288,432","2,063","12,428,148","1,436,279","8,653,016",Europe
Singapore,"2,230,570",,"1,722",,"2,149,583",,"79,265",1,"375,293",290,"24,756,666","4,165,302","5,943,546",Asia
Hungary,"2,195,926",,"48,751",,"2,143,184",,"3,991",13,"228,593","5,075","11,394,556","1,186,160","9,606,259",Europe
Slovakia,"1,863,398",+21,"21,030",,"1,841,110",+27,"1,258",20,"341,270","3,852","7,405,889","1,356,342","5,460,193",Europe
Jordan,"1,746,997",,"14,122",,"1,731,007",,"1,868",59,"169,597","1,371","17,201,885","1,669,945","10,300,869",Asia
Pakistan,"1,577,164",+45,"30,643",,"1,538,689",,"7,832",7,"6,873",134,"30,570,862","133,213","229,488,994",Asia
Finland,"1,462,976",,"8,936",,"1,452,167",+97,"1,873",21,"263,364","1,609","12,047,792","2,168,835","5,554,960",Europe
Slovenia,"1,329,877",+102,"7,074",,"1,318,457",+93,"4,346",8,"639,969","3,404","2,839,240","1,366,311","2,078,034",Europe
Bulgaria,"1,297,037",,"38,219",,"1,255,861",,"2,957",25,"189,498","5,584","11,061,733","1,616,126","6,844,597",Europe
Croatia,"1,268,992",,"17,971",,"1,250,549",,472,10,"312,615","4,427","5,503,682","1,355,825","4,059,286",Europe
Lebanon,"1,232,301",,"10,835",,"1,087,587",,"133,879",74,"184,342","1,621","4,795,578","717,380","6,684,849",Asia
Bolivia,"1,193,815",,"22,365",,"1,158,821",,"12,629",220,"99,546","1,865","2,705,422","225,590","11,992,656",South America
Cuba,"1,112,622",,"8,530",,"1,104,004",,88,2,"98,413",754,"14,319,601","1,266,588","11,305,652",North America
UAE,"1,052,519",,"2,349",,"1,035,507",,"14,663",,"104,398",233,"199,309,468","19,769,264","10,081,785",Asia
Panama,"1,031,273",,"8,604",,"1,022,299",,370,16,"231,905","1,935","7,532,271","1,693,801","4,446,964",North America
Nepal,"1,001,149",,"12,020",,"989,123",+1,6,,"33,123",398,"6,014,248","198,979","30,225,582",Asia
Latvia,"976,095",,"6,244",,"969,510",,341,13,"527,951","3,377","7,865,291","4,254,183","1,848,837",Europe
Azerbaijan,"828,682",,"10,127",,"818,366",,189,,"80,453",983,"7,531,433","731,193","10,300,205",Asia
Bahrain,"708,768",,"1,552",,"706,013",,"1,203",4,"397,295",870,"10,743,440","6,022,165","1,783,983",Asia
Kuwait,"663,456",,"2,570",,"660,237",,649,,"151,463",587,"8,455,743","1,930,391","4,380,326",Asia
Cyprus,"650,685",,"1,330",,"644,185",,"5,170",60,"531,872","1,087","9,640,118","7,879,860","1,223,387",Asia
Palestine,"621,008",,"5,404",,"615,445",,159,17,"116,173","1,011","3,078,533","575,907","5,345,541",Asia
Moldova,"607,450",,"11,988",,"504,142",,"91,320",49,"151,364","2,987","3,216,305","801,437","4,013,171",Europe
Egypt,"515,698",,"24,613",,"442,182",,"48,903",122,"4,858",232,"3,693,367","34,792","106,156,692",Africa
China,"503,302",,"5,272",,"379,053",,"118,977",,347,4,"160,000,000","110,461","1,448,471,400",Asia
Qatar,"494,377",,686,,"493,225",,466,32,"165,903",230,"4,065,369","1,364,257","2,979,915",Asia
Honduras,"472,219",,"11,111",,,,,105,"46,200","1,087","1,635,233","159,984","10,221,247",North America
Bosnia and Herzegovina,"401,636",,"16,279",,"379,084",,"6,273",,"123,606","5,010","1,884,721","580,036","3,249,317",Europe
North Macedonia,"346,852",,"9,662",,"337,068",,122,,"166,651","4,642","2,226,216","1,069,626","2,081,304",Europe
Kenya,"342,919",,"5,688",,"337,216",,15,1,"6,100",101,"3,967,062","70,569","56,215,221",Africa
Botswana,"329,727",,"2,801",,"326,868",,58,1,"135,070","1,147","2,026,898","830,300","2,441,162",Africa
Montenegro,"288,552",,"2,805",,"285,130",,617,6,"459,514","4,467","2,720,118","4,331,743","627,950",Europe
Algeria,"271,469",,"6,881",,"182,799",,"81,789",,"5,986",152,"230,861","5,091","45,350,148",Africa
Zimbabwe,"264,127",,"5,668",,"257,839",,620,12,"17,228",370,"2,525,756","164,744","15,331,428",Africa
Mozambique,"233,098",,"2,242",,"228,805",,"2,051",11,"7,044",68,"1,371,127","41,437","33,089,461",Africa
Laos,"218,020",+1,758,,,,,,"29,143",101,"1,233,207","164,845","7,481,023",Asia
Iceland,"209,093",,229,,,,,2,"605,377",663,"1,996,384","5,780,036","345,393",Europe
Guadeloupe,"201,852",,"1,010",,,,,19,"504,890","2,526","938,039","2,346,306","399,794",North America
Trinidad and Tobago,"189,296",,"4,347",,"184,553",,396,8,"134,578","3,090","898,169","638,546","1,406,585",North America
Ghana,"171,172",,"1,462",,"169,697",,13,2,"5,284",45,"2,529,956","78,096","32,395,450",Africa
Uganda,"170,504",,"3,630",,"100,431",,"66,443",3,"3,520",75,"3,012,408","62,198","48,432,863",Africa
Cambodia,"138,719",,"3,056",,"135,658",,5,,"8,080",178,"3,091,420","180,062","17,168,639",Asia
Cameroon,"124,392",,"1,965",,"122,344",,83,13,"4,457",70,"1,751,774","62,762","27,911,548",Africa
Barbados,"106,645",,575,,"106,057",,13,,"370,266","1,996","794,426","2,758,203","288,023",North America
Channel Islands,"101,382",,227,,"101,029",,126,,"574,523","1,286","1,252,808","7,099,551","176,463",Europe
DRC,"95,749",,"1,464",,"84,321",,"9,964",,"1,005",15,"846,704","8,890","95,240,792",Africa
Malawi,"88,702",,"2,686",,"85,580",,436,67,"4,395",133,"624,784","30,959","20,180,839",Africa
Suriname,"82,467",,"1,404",,,,,,"138,175","2,352","241,357","404,398","596,831",South America
French Polynesia,"77,957",,649,,,,,7,"274,338","2,284",,,"284,164",Australia/Oceania
Guyana,"73,075",,"1,298",,"71,756",,21,,"92,029","1,635","722,237","909,567","794,045",South America
Fiji,"68,897",,883,,"66,860",,"1,154",,"75,755",971,"668,967","735,560","909,466",Australia/Oceania
Sudan,"63,809",,"5,013",,"58,460",,336,,"1,387",109,"562,941","12,240","45,992,020",Africa
Cabo Verde,"63,244",,413,,"62,773",,58,23,"111,408",728,"401,622","707,482","567,678",Africa
Syria,"57,467",,"3,164",,"54,303",,0,,"2,968",163,"146,269","7,553","19,364,809",Asia
Seychelles,"50,665",,172,,"50,440",,53,,"509,575","1,730",,,"99,426",Africa
Andorra,"47,875",,165,,"47,563",,147,14,"618,037","2,130","249,838","3,225,256","77,463",Europe
Curaçao,"45,986",,295,,"44,720",,971,3,"277,812","1,782","496,693","3,000,640","165,529",North America
Tanzania,"42,846",,846,,,,,7,677,13,,,"63,298,550",Africa
Mauritius,"41,752",,"1,043",,"40,030",,679,,"32,754",818,"358,675","281,374","1,274,727",Africa
Guinea,"38,267",,467,,"37,757",,43,8,"2,760",34,"660,107","47,607","13,865,691",Africa
Bahamas,"37,491",,833,,"36,366",,292,1,"93,607","2,080","257,839","643,767","400,516",North America
Faeroe Islands,"34,658",,28,,,,,5,"703,959",569,"778,000","15,802,409","49,233",Europe
Mali,"33,051",,743,,"32,145",,163,,"1,539",35,"796,406","37,087","21,473,764",Africa
Saint Lucia,"30,004",,409,,"29,095",,500,,"162,085","2,209","210,983","1,139,752","185,113",North America
Somalia,"27,324",,"1,361",,"13,182",,"12,781",,"1,622",81,"400,466","23,778","16,841,795",Africa
Solomon Islands,"24,575",,153,,,,,1,"34,077",212,,,"721,159",Australia/Oceania
San Marino,"23,583",,122,,"23,276",,185,4,"691,888","3,579","157,634","4,624,732","34,085",Europe
Burkina Faso,"22,056",,396,,"21,596",,64,,998,18,"248,995","11,265","22,102,838",Africa
Gibraltar,"20,433",,111,,"16,579",,"3,743",,"606,249","3,293","534,283","15,852,213","33,704",Europe
Bermuda,"18,814",,160,,"18,638",,16,,"303,750","2,583","1,027,859","16,594,698","61,939",North America
South Sudan,"18,368",,138,,"18,115",,115,1,"1,581",12,"410,280","35,313","11,618,511",Africa
Equatorial Guinea,"17,229",,183,,"16,907",,139,5,"11,512",122,"365,697","244,342","1,496,662",Africa
Samoa,"16,607",,29,,"1,605",,"14,973",,"82,116",143,"187,397","926,612","202,239",Australia/Oceania
Dominica,"15,760",,74,,"15,673",,13,,"217,848","1,023","229,344","3,170,187","72,344",North America
Marshall Islands,"15,618",,17,,"15,528",,73,,"260,053",283,,,"60,057",Australia/Oceania
Gambia,"12,586",,372,,"12,189",,25,,"4,919",145,"155,686","60,851","2,558,482",Africa
Vanuatu,"12,014",,14,,"11,976",,24,,"37,330",44,"24,976","77,606","321,832",Australia/Oceania
Yemen,"11,945",,"2,159",,"9,124",,662,23,383,69,"329,592","10,579","31,154,867",Asia
Sint Maarten,"11,020",,91,,"10,905",,24,,"250,648","2,070","62,056","1,411,454","43,966",North America
Niger,"9,931",,312,,"8,890",,729,1,381,12,"254,538","9,759","26,083,660",Africa
Antigua and Barbuda,"9,106",,146,,"8,954",,6,1,"91,509","1,467","18,901","189,943","99,509",North America
Guinea-Bissau,"8,960",,176,,"8,660",,124,6,"4,342",85,"145,231","70,385","2,063,367",Africa
Sierra Leone,"7,760",,126,,,,,,934,15,"259,958","31,296","8,306,436",Africa
British Virgin Islands,"7,305",,64,,,,,,"238,757","2,092","107,339","3,508,269","30,596",North America
Saint Kitts and Nevis,"6,597",,47,,"6,548",,2,,"122,459",872,"126,932","2,356,221","53,871",North America
Sao Tome and Principe,"6,281",,77,,"6,204",,0,,"27,587",338,"29,036","127,530","227,679",Africa
St. Barth,"5,439",,6,,,,,,"546,908",603,"78,646","7,908,095","9,945",North America
Kiribati,"5,013",,18,,"2,703",,"2,292",3,"40,618",146,,,"123,419",Australia/Oceania
Macao,"3,514",,121,,"3,391",,2,,"5,264",181,"7,850","11,760","667,490",Asia
Wallis and Futuna,"3,427",,7,,438,,"2,982",,"312,056",637,"20,508","1,867,419","10,982",Australia/Oceania
Saint Helena,"2,166",,,,2,,"2,164",,"354,211",,,,"6,115",Africa
Montserrat,"1,403",,8,,"1,376",,19,,"282,578","1,611","17,762","3,577,442","4,965",North America
Vatican City,29,,,,29,,0,,"36,295",,,,799,Europe
MS Zaandam,9,,2,,7,,0,,,,,,,
