Country,Total_cases,New_cases,Total_deaths,New_Deaths,Total_recovered,New_recovered,Active_cases,Serious_critical,Cases/1Mpop,Deaths/1Mpop,Total_tests,Tests/1Mpop,Population,Area
USA,"105,396,817",,"1,146,740",,"102,864,696",,"1,385,381","2,726","314,800","3,425","1,167,685,851","3,487,657","334,805,269",North America
India,"44,688,101",,"530,775",,"44,154,425",,"2,901",,"31,770",377,"919,189,149","653,468","1,406,631,776",Asia
France,"39,638,159",,"165,030",,"39,400,459",706,"72,670",869,"604,383","2,516","271,490,188","4,139,547","65,584,518",Europe
Germany,"38,210,850",,"168,397",,"37,767,300","17,500","275,153",,"455,522","2,008","122,332,384","1,458,359","83,883,596",Europe
Brazil,"37,076,053",,"699,276",,"36,249,161",,"127,616",,"172,164","3,247","63,776,166","296,146","215,353,593",South America
Japan,"33,264,491","4,263","72,805",34.0,"21,694,886","1,551","11,496,800",131,"264,877",580,"95,651,487","761,648","125,584,838",Asia
S. Korea,"30,569,215","4,300","34,034",9.0,"30,363,195",,"171,986",145,"595,544",663,"15,804,065","307,892","51,329,899",Asia
Italy,"25,603,510",,"188,322",,"25,267,118",,"148,070",137,"424,864","3,125","268,196,399","4,450,449","60,262,770",Europe
UK,"24,370,154",,"206,952",,"24,106,232","3,964","56,970",,"355,780","3,021","522,526,476","7,628,357","68,497,907",Europe
Russia,"22,353,291","11,163","396,336",38.0,"21,686,422","9,166","270,533",,"153,308","2,718","273,400,000","1,875,095","145,805,947",Europe
Turkey,"17,042,722",,"101,492",,,,,,"199,186","1,186","162,743,369","1,902,052","85,561,976",Asia
Spain,"13,770,429",,"119,479",,"13,615,878",,"35,072",231,"294,749","2,557","471,036,328","10,082,298","46,719,142",Europe
Vietnam,"11,526,966",,"43,186",,"10,614,790",,"868,990",3,"116,489",436,"85,826,548","867,342","98,953,541",Asia
Australia,"11,385,534",,"19,459",,"11,332,576",,"33,499",27,"436,750",746,"78,835,048","3,024,116","26,068,792",Australia/Oceania
Taiwan,"10,112,117","7,080","18,248",45.0,"9,824,044","20,441","269,825",,"423,303",764,"30,742,304","1,286,903","23,888,595",Asia
Argentina,"10,044,125",,"130,463",,"9,909,866",,"3,796",363,"218,302","2,836","35,716,069","776,264","46,010,234",South America
Netherlands,"8,598,182",,"22,992",,"8,560,677",381,"14,513",53,"499,562","1,336","25,984,435","1,509,718","17,211,447",Europe
Iran,"7,570,743",511,"144,902",9.0,"7,339,796",92,"86,045",354,"88,009","1,684","55,353,767","643,478","86,022,837",Asia
Mexico,"7,470,653",525,"333,100",4.0,"6,706,771","2,912","430,782",,"56,784","2,532","19,572,325","148,768","131,562,772",North America
Indonesia,"6,737,303",144,"160,932",2.0,"6,573,403",218,"2,968",,"24,136",577,"114,158,919","408,975","279,134,505",Asia
Poland,"6,432,765",450,"118,952",,"5,335,940",,"977,873",696,"170,450","3,152","38,311,975","1,015,161","37,739,785",Europe
Colombia,"6,360,089",,"142,629",,"6,183,658",,"33,802",342,"123,466","2,769","36,951,507","717,327","51,512,762",South America
Austria,"5,940,935",,"21,922",,"5,859,818",,"59,195",72,"655,247","2,418","211,273,524","23,302,116","9,066,710",Europe
Greece,"5,871,458",,"36,185",,"5,816,944","2,619","18,329",115,"569,125","3,507","102,228,365","9,909,078","10,316,637",Europe
Portugal,"5,568,084",,"26,180",,"5,538,074",,"3,830",61,"549,090","2,582","45,980,330","4,534,294","10,140,570",Europe
Ukraine,"5,389,439",,"111,235",,"5,265,577",,"12,627",,"124,778","2,575","32,603,805","754,855","43,192,122",Europe
Chile,"5,180,329",,"64,230",,"5,108,603",,"7,496",83,"269,105","3,337","48,515,971","2,520,285","19,250,195",South America
Malaysia,"5,043,790",,"36,966",,"4,997,620",,"9,204",4,"152,008","1,114","68,255,672","2,057,067","33,181,072",Asia
Israel,"4,801,511",,"12,307",,"4,781,252",,"7,952",57,"514,852","1,320","41,373,364","4,436,346","9,326,000",Asia
DPRK,"4,772,813",,74,,"4,772,739",,0,,"183,636",3,,,"25,990,679",Asia
Thailand,"4,728,182",147,"33,918",7.0,"4,692,636",,"1,628",,"67,470",484,"17,270,775","246,450","70,078,203",Asia
Belgium,"4,727,795",,"33,775",,"4,662,420",792,"31,600",43,"405,184","2,895","36,752,058","3,149,741","11,668,278",Europe
Czechia,"4,614,143",119,"42,470",,"4,563,807","1,037","7,866",42,"429,751","3,956","57,018,828","5,310,606","10,736,784",Europe
Canada,"4,591,149",,"51,249",,"4,508,184","1,530","31,716",99,"119,597","1,335","66,343,123","1,728,207","38,388,419",North America
Peru,"4,486,832",,"219,493",,"4,265,276",,"2,063",33,"133,203","6,516","38,089,514","1,130,783","33,684,208",South America
Switzerland,"4,391,007",,"14,452",,"4,373,026",,"3,529",39,"500,477","1,647","23,833,472","2,716,487","8,773,637",Europe
Philippines,"4,077,109",117,"66,160",7.0,"4,002,009",103,"8,940",162,"36,238",588,"34,642,735","307,911","112,508,994",Asia
South Africa,"4,064,889",,"102,595",,"3,912,506",,"49,788",192,"66,905","1,689","26,795,090","441,027","60,756,135",Africa
Romania,"3,346,046","5,704","67,736",32.0,"3,263,301",,"15,009",119,"175,818","3,559","26,750,616","1,405,609","19,031,335",Europe
Denmark,"3,175,554",45,"8,284",3.0,"3,166,397",54,873,19,"544,230","1,420","129,203,437","22,143,024","5,834,950",Europe
Hong Kong,"2,883,700",,"13,463",,"2,859,360",,"10,877",28,"379,220","1,770","76,127,725","10,011,143","7,604,299",Asia
Sweden,"2,698,535",,"23,703",,"2,671,785",184,"3,047",8,"264,071","2,320","19,477,620","1,906,026","10,218,971",Europe
Serbia,"2,496,295",,"17,855",,"2,464,235",,"14,205",15,"288,488","2,063","12,432,146","1,436,741","8,653,016",Europe
Iraq,"2,465,545",,"25,375",,"2,439,497",,673,21,"58,474",602,"19,544,451","463,523","42,164,965",Asia
Singapore,"2,230,570",,"1,722",,"2,149,583",,"79,265",1,"375,293",290,"24,756,666","4,165,302","5,943,546",Asia
New Zealand,"2,228,291","1,634","3,922",3.0,"2,214,316","1,280","10,053",,"454,920",801,"7,768,604","1,586,011","4,898,203",Australia/Oceania
Hungary,"2,195,926",,"48,751",,"2,143,184",,"3,991",13,"228,593","5,075","11,394,556","1,186,160","9,606,259",Europe
Bangladesh,"2,037,829",,"29,445",,"1,998,448",,"9,936",,"12,138",175,"15,254,399","90,862","167,885,689",Asia
Slovakia,"1,863,419",21,"21,031",1.0,"1,841,122",12,"1,266",20,"341,273","3,852","7,406,005","1,356,363","5,460,193",Europe
Georgia,"1,825,598",,"16,965",,"1,776,548",,"32,085",,"459,995","4,275","16,920,079","4,263,340","3,968,738",Asia
Jordan,"1,746,997",,"14,122",,"1,731,007",,"1,868",59,"169,597","1,371","17,201,885","1,669,945","10,300,869",Asia
Ireland,"1,703,850",,"8,691",,"1,692,863",11,"2,296",10,"339,399","1,731","13,036,159","2,596,741","5,020,199",Europe
Pakistan,"1,577,214",50,"30,643",,"1,538,689",,"7,882",7,"6,873",134,"30,570,862","133,213","229,488,994",Asia
Norway,"1,479,259",,"5,213",,"1,473,371",,675,20,"268,401",946,"11,002,430","1,996,315","5,511,370",Europe
Finland,"1,462,976",,"8,936",,"1,452,239",72,"1,801",21,"263,364","1,609","12,047,792","2,168,835","5,554,960",Europe
Kazakhstan,"1,408,124",,"13,846",,"1,383,020",,"11,258",24,"73,321",721,"11,575,012","602,707","19,205,043",Asia
Slovenia,"1,329,966",89,"7,074",,"1,318,457",,"4,435",8,"640,012","3,404","2,839,497","1,366,434","2,078,034",Europe
Lithuania,"1,306,368",41,"9,594",,"1,291,050",589,"5,724",7,"490,801","3,604","10,383,613","3,901,109","2,661,708",Europe
Bulgaria,"1,297,062",,"38,219",,"1,255,863",,"2,980",24,"189,502","5,584","11,062,249","1,616,202","6,844,597",Europe
Morocco,"1,272,487",,"16,296",,"1,256,141",,50,3,"33,688",431,"12,991,937","343,950","37,772,756",Africa
Croatia,"1,269,326",334,"17,987",16.0,"1,250,890",341,449,5,"312,697","4,431","5,521,987","1,360,335","4,059,286",Europe
Guatemala,"1,237,564",,"20,178",,"1,216,320",,"1,066",5,"66,593","1,086","6,948,424","373,892","18,584,039",North America
Lebanon,"1,232,517",,"10,840",,"1,087,587",,"134,090",74,"184,375","1,622","4,795,578","717,380","6,684,849",Asia
Costa Rica,"1,204,164",,"9,230",,"860,711",,"334,223",52,"232,358","1,781","4,659,757","899,158","5,182,354",North America
Bolivia,"1,193,908",,"22,365",,"1,159,036",,"12,507",220,"99,553","1,865","2,705,422","225,590","11,992,656",South America
Tunisia,"1,150,962",,"29,331",,,,,44,"95,542","2,435","5,002,248","415,240","12,046,656",Africa
Cuba,"1,112,625",,"8,530",,"1,104,008",,87,2,"98,413",754,"14,319,601","1,266,588","11,305,652",North America
Ecuador,"1,057,121",,"36,014",,"1,020,564",,543,759,"58,361","1,988","3,082,403","170,173","18,113,361",South America
UAE,"1,052,664",145,"2,349",,"1,035,572",65,"14,743",,"104,412",233,"199,327,303","19,771,033","10,081,785",Asia
Uruguay,"1,034,303",,"7,617",,"1,026,186",,500,18,"295,852","2,179","6,114,822","1,749,083","3,496,016",South America
Panama,"1,031,273",,"8,604",,"1,022,299",,370,16,"231,905","1,935","7,532,271","1,693,801","4,446,964",North America
Mongolia,"1,007,897",,"2,179",,"1,005,716",,2,192,"298,364",645,"4,030,048","1,193,000","3,378,078",Asia
Nepal,"1,001,149",,"12,020",,"989,124",1,5,,"33,123",398,"6,014,421","198,984","30,225,582",Asia
Belarus,"994,037",,"7,118",,"985,592",,"1,327",,"105,381",755,"13,646,641","1,446,722","9,432,800",Europe
Latvia,"976,162",13,"6,245",,"969,563",12,354,13,"527,987","3,378","7,865,783","4,254,449","1,848,837",Europe
Saudi Arabia,"829,882",98,"9,617",,"817,003",65,"3,262",37,"23,152",268,"45,164,013","1,259,984","35,844,909",Asia
Azerbaijan,"828,730",9,"10,129",,"818,386",3,215,,"80,458",983,"7,532,959","731,341","10,300,205",Asia
Paraguay,"808,401",,"19,878",,,,,7,"110,651","2,721","2,657,506","363,751","7,305,843",South America
Bahrain,"709,230",,"1,552",,"706,013",,"1,665",5,"397,554",870,"10,744,948","6,023,010","1,783,983",Asia
Sri Lanka,"672,034",,"16,830",,"655,202",,2,,"31,148",780,"6,486,117","300,619","21,575,842",Asia
Kuwait,"663,456",,"2,570",,"660,237",,649,,"151,463",587,"8,455,743","1,930,391","4,380,326",Asia
Dominican Republic,"660,705",,"4,384",,"644,785",,"11,536",4,"59,758",397,"3,740,928","338,350","11,056,370",North America
Cyprus,"650,685",,"1,330",,"644,185",,"5,170",60,"531,872","1,087","9,640,118","7,879,860","1,223,387",Asia
Myanmar,"633,946",,"19,490",,"614,410",,46,,"11,479",353,"10,071,815","182,371","55,227,143",Asia
Palestine,"621,008",,"5,404",,"615,445",,159,17,"116,173","1,011","3,078,533","575,907","5,345,541",Asia
Estonia,"615,119",,"2,940",,"524,990",,"87,189",3,"465,326","2,224","3,675,293","2,780,290","1,321,910",Europe
Moldova,"607,450",,"11,988",,"504,142",,"91,320",49,"151,364","2,987","3,216,305","801,437","4,013,171",Europe
Venezuela,"552,125",,"5,854",,"545,917",,354,36,"18,865",200,"3,359,014","114,771","29,266,991",South America
Egypt,"515,698",,"24,613",,"442,182",,"48,903",122,"4,858",232,"3,693,367","34,792","106,156,692",Africa
Libya,"507,187",13,"6,437",,"500,737",3,13,,"72,036",914,"2,483,812","352,777","7,040,745",Africa
Ethiopia,"500,050",,"7,572",,"487,301",,"5,177",1,"4,139",63,"5,493,535","45,472","120,812,698",Africa
Qatar,"494,737",124,688,1.0,"493,640",205,409,36,"166,024",231,"4,065,369","1,364,257","2,979,915",Asia
Réunion,"486,588",,921,,"418,572",,"67,095",10,"535,854","1,014","1,603,660","1,766,027","908,061",Africa
Honduras,"472,219",,"11,111",,,,,105,"46,200","1,087","1,635,233","159,984","10,221,247",North America
Armenia,"446,819",,"8,721",,"435,162",,"2,936",,"150,345","2,934","3,242,901","1,091,164","2,971,966",Asia
Bosnia and Herzegovina,"401,636",,"16,279",,"379,084",,"6,273",,"123,606","5,010","1,884,721","580,036","3,249,317",Europe
Oman,"399,449",,"4,628",,"384,669",,"10,152",2,"75,028",869,"25,000,000","4,695,724","5,323,993",Asia
North Macedonia,"346,852",,"9,662",,"337,068",,122,,"166,651","4,642","2,226,216","1,069,626","2,081,304",Europe
Zambia,"343,135",,"4,057",,"338,854",,224,,"17,624",208,"3,943,335","202,531","19,470,234",Africa
Kenya,"342,919",,"5,688",,"337,216",,15,1,"6,100",101,"3,967,062","70,569","56,215,221",Africa
Albania,"334,427",,"3,597",,"329,169",,"1,661",,"116,672","1,255","1,941,032","677,173","2,866,374",Europe
Botswana,"329,727",,"2,801",,"326,868",,58,1,"135,070","1,147","2,026,898","830,300","2,441,162",Africa
Luxembourg,"297,757",,"1,133",,"288,991",,"7,633",,"463,528","1,764","4,412,567","6,869,188","642,371",Europe
Montenegro,"288,552",,"2,805",,"285,130",,617,6,"459,514","4,467","2,720,118","4,331,743","627,950",Europe
Brunei,"278,698",,225,,"243,601",,"34,872",3,"625,682",505,"717,784","1,611,437","445,431",Asia
Algeria,"271,477",,"6,881",,"182,803",,"81,793",,"5,986",152,"230,861","5,091","45,350,148",Africa
Nigeria,"266,598",,"3,155",,"259,917",,"3,526",11,"1,230",15,"5,708,974","26,339","216,746,934",Africa
Zimbabwe,"264,127",,"5,668",,"257,839",,620,12,"17,228",370,"2,525,756","164,744","15,331,428",Africa
Uzbekistan,"251,071",,"1,637",,"241,486",,"7,948",23,"7,302",48,"1,377,915","40,077","34,382,084",Asia
Mozambique,"233,098",,"2,242",,"228,805",,"2,051",11,"7,044",68,"1,371,127","41,437","33,089,461",Africa
Martinique,"229,807",,"1,098",,,,,12,"614,314","2,935","828,928","2,215,870","374,087",North America
Laos,"218,020",,758,,,,,,"29,143",101,"1,233,207","164,845","7,481,023",Asia
Afghanistan,"209,406",12,"7,896",,"191,250",17,"10,260",45,"5,138",194,"1,202,868","29,515","40,754,388",Asia
Iceland,"209,093",,229,,,,,2,"605,377",663,"1,996,384","5,780,036","345,393",Europe
Kyrgyzstan,"206,673",,"2,991",,"196,406",,"7,276",131,"30,717",445,"1,907,195","283,460","6,728,271",Asia
Guadeloupe,"201,852",,"1,010",,,,,19,"504,890","2,526","938,039","2,346,306","399,794",North America
El Salvador,"201,785",,"4,230",,"179,410",,"18,145",8,"30,805",646,"2,610,114","398,467","6,550,389",North America
Trinidad and Tobago,"189,296",,"4,347",,"184,553",,396,8,"134,578","3,090","898,169","638,546","1,406,585",North America
Maldives,"185,732",,311,,"163,687",,"21,734",25,"343,322",575,"2,213,831","4,092,223","540,985",Asia
Ghana,"171,209",,"1,462",,"169,720",,27,2,"5,285",45,"2,529,956","78,096","32,395,450",Africa
Namibia,"171,156",,"4,090",,"166,776",,290,,"64,983","1,553","1,062,663","403,460","2,633,874",Africa
Uganda,"170,504",,"3,630",,"100,431",,"66,443",3,"3,520",75,"3,012,408","62,198","48,432,863",Africa
Jamaica,"154,196",,"3,502",,"102,393",,"48,301",,"51,655","1,173","1,183,986","396,633","2,985,094",North America
Cambodia,"138,719",,"3,056",,"135,658",,5,,"8,080",178,"3,091,420","180,062","17,168,639",Asia
Rwanda,"133,180",,"1,468",,"131,634",,78,,"9,792",108,"6,021,981","442,778","13,600,464",Africa
Cameroon,"124,392",,"1,965",,"122,344",,83,13,"4,457",70,"1,751,774","62,762","27,911,548",Africa
Malta,"117,477",,827,,"116,028",,622,4,"264,568","1,862","2,117,102","4,767,893","444,033",Europe
Barbados,"106,645",,575,,"106,057",,13,,"370,266","1,996","794,426","2,758,203","288,023",North America
Angola,"105,277",,"1,933",,"103,317",,27,,"3,006",55,"1,499,795","42,818","35,027,343",Africa
Channel Islands,"101,382",,227,,"101,029",,126,,"574,523","1,286","1,252,808","7,099,551","176,463",Europe
French Guiana,"98,041",,420,,"11,254",,"86,367",6,"312,065","1,337","651,257","2,072,951","314,169",South America
DRC,"95,749",,"1,464",,"84,321",,"9,964",,"1,005",15,"846,704","8,890","95,240,792",Africa
Senegal,"88,921",,"1,971",,"86,947",,3,,"5,037",112,"1,146,543","64,946","17,653,671",Africa
Malawi,"88,702",,"2,686",,"85,580",,436,67,"4,395",133,"624,784","30,959","20,180,839",Africa
Ivory Coast,"88,240",,834,,"87,375",,31,,"3,181",30,"1,680,188","60,564","27,742,298",Africa
Suriname,"82,467",,"1,404",,,,,,"138,175","2,352","241,357","404,398","596,831",South America
New Caledonia,"79,881",,314,,"79,558",,9,9,"274,585","1,079","98,964","340,182","290,915",Australia/Oceania
French Polynesia,"77,957",,649,,,,,7,"274,338","2,284",,,"284,164",Australia/Oceania
Eswatini,"74,267",,"1,425",,"72,795",,47,,"62,682","1,203","1,048,704","885,119","1,184,817",Africa
Guyana,"73,075",,"1,298",,"71,756",,21,,"92,029","1,635","722,237","909,567","794,045",South America
Belize,"70,757",,688,,"70,056",,13,6,"171,661","1,669","576,016","1,397,453","412,190",North America
Fiji,"68,897",,883,,"66,860",,"1,154",,"75,755",971,"668,967","735,560","909,466",Australia/Oceania
Madagascar,"67,889",,"1,423",,"66,445",,21,,"2,327",49,"526,651","18,050","29,178,077",Africa
Sudan,"63,809",,"5,013",,"58,468",8,328,,"1,387",109,"562,941","12,240","45,992,020",Africa
Mauritania,"63,668",,997,,"62,441",,230,,"12,988",203,"1,009,957","206,030","4,901,981",Africa
Cabo Verde,"63,244",,413,,"62,773",,58,23,"111,408",728,"401,622","707,482","567,678",Africa
Bhutan,"62,620",,21,,"61,564",,"1,035",,"79,473",27,"2,303,734","2,923,739","787,941",Asia
Syria,"57,467",,"3,164",,"54,303",,0,,"2,968",163,"146,269","7,553","19,364,809",Asia
Burundi,"53,631",,38,,"53,569",,24,,"4,248",3,"345,742","27,386","12,624,840",Africa
Seychelles,"50,665",,172,,"50,440",,53,,"509,575","1,730",,,"99,426",Africa
Gabon,"48,981",,306,,"48,674",,1,,"21,008",131,"1,621,909","695,641","2,331,533",Africa
Andorra,"47,875",,165,,"47,563",,147,14,"618,037","2,130","249,838","3,225,256","77,463",Europe
Papua New Guinea,"46,809",,670,,"43,982",,"2,157",7,"5,037",72,"249,149","26,813","9,292,169",Australia/Oceania
Curaçao,"45,986",,295,,"44,720",,971,3,"277,812","1,782","496,693","3,000,640","165,529",North America
Aruba,"44,044",,236,,"42,438",,"1,370",2,"409,297","2,193","177,885","1,653,068","107,609",North America
Tanzania,"42,846",,846,,,,,7,677,13,,,"63,298,550",Africa
Mayotte,"42,004",,188,,,,,,"146,734",657,"176,919","618,038","286,259",Africa
Mauritius,"41,752",,"1,043",,"40,030",,679,,"32,754",818,"358,675","281,374","1,274,727",Africa
Togo,"39,394",,290,,"39,081",,23,,"4,538",33,"808,655","93,154","8,680,837",Africa
Guinea,"38,267",,467,,"37,757",,43,8,"2,760",34,"660,107","47,607","13,865,691",Africa
Isle of Man,"38,008",,116,,,,,,"443,335","1,353","150,753","1,758,422","85,732",Europe
Bahamas,"37,491",,833,,"36,366",,292,1,"93,607","2,080","257,839","643,767","400,516",North America
Lesotho,"34,790",,723,,"25,980",,"8,087",,"15,990",332,"431,221","198,199","2,175,699",Africa
Faeroe Islands,"34,658",,28,,,,,5,"703,959",569,"778,000","15,802,409","49,233",Europe
Haiti,"34,202",,860,,"33,052",,290,,"2,928",74,"132,422","11,337","11,680,283",North America
Mali,"33,053",,743,,"32,150",,160,,"1,539",35,"796,609","37,097","21,473,764",Africa
Cayman Islands,"31,472",,37,,"8,553",,"22,882",1,"467,797",550,"222,773","3,311,280","67,277",North America
Saint Lucia,"30,004",,409,,"29,095",,500,,"162,085","2,209","210,983","1,139,752","185,113",North America
Benin,"27,990",,163,,"27,825",,2,,"2,189",13,"604,310","47,268","12,784,726",Africa
Somalia,"27,324",,"1,361",,"13,182",,"12,781",,"1,622",81,"400,466","23,778","16,841,795",Africa
Congo,"25,375",,386,,"24,006",,983,,"4,377",67,"347,815","59,991","5,797,805",Africa
Solomon Islands,"24,575",,153,,,,,1,"34,077",212,,,"721,159",Australia/Oceania
Micronesia,"23,948",,61,,,,,1,"203,832",519,"54,967","467,848","117,489",Australia/Oceania
San Marino,"23,583",,122,,"23,276",,185,4,"691,888","3,579","157,634","4,624,732","34,085",Europe
Timor-Leste,"23,418",,138,,"23,102",,178,,"17,101",101,"278,529","203,391","1,369,429",Asia
Burkina Faso,"22,056",,396,,"21,596",,64,,998,18,"248,995","11,265","22,102,838",Africa
Liechtenstein,"21,426",,89,,"21,300",,37,1,"558,158","2,318","112,457","2,929,559","38,387",Europe
Gibraltar,"20,433",,111,,"16,579",,"3,743",,"606,249","3,293","534,283","15,852,213","33,704",Europe
Grenada,"19,680",,238,,"19,358",,84,4,"173,430","2,097","182,981","1,612,523","113,475",North America
Bermuda,"18,814",,160,,"18,638",,16,,"303,750","2,583","1,027,859","16,594,698","61,939",North America
Nicaragua,"18,491",,225,,"4,225",,"14,041",,"2,728",33,,,"6,779,100",North America
South Sudan,"18,368",,138,,"18,115",,115,1,"1,581",12,"410,280","35,313","11,618,511",Africa
Tajikistan,"17,786",,125,,"17,264",,397,,"1,786",13,,,"9,957,464",Asia
Equatorial Guinea,"17,229",,183,,"16,907",,139,5,"11,512",122,"365,697","244,342","1,496,662",Africa
Tonga,"16,807",,13,,"15,638",,"1,156",,"155,983",121,"535,009","4,965,327","107,749",Australia/Oceania
Samoa,"16,607",,29,,"1,605",,"14,973",,"82,116",143,"187,397","926,612","202,239",Australia/Oceania
Monaco,"16,115",,67,,"15,992",,56,4,"405,073","1,684","78,646","1,976,875","39,783",Europe
Dominica,"15,760",,74,,"15,673",,13,,"217,848","1,023","229,344","3,170,187","72,344",North America
Djibouti,"15,690",,189,,"15,427",,74,,"15,441",186,"305,941","301,094","1,016,097",Africa
Marshall Islands,"15,618",,17,,"15,528",,73,,"260,053",283,,,"60,057",Australia/Oceania
CAR,"15,368",,113,,"15,200",,55,2,"3,063",23,"81,294","16,205","5,016,678",Africa
Gambia,"12,586",,372,,"12,189",,25,,"4,919",145,"155,686","60,851","2,558,482",Africa
Saint Martin,"12,257",,63,,"1,399",,"10,795",7,"308,507","1,586","112,382","2,828,643","39,730",North America
Vanuatu,"12,014",,14,,"11,976",,24,,"37,330",44,"24,976","77,606","321,832",Australia/Oceania
Greenland,"11,971",,21,,"2,761",,"9,189",4,"210,117",369,"164,926","2,894,810","56,973",North America
Yemen,"11,945",,"2,159",,"9,124",,662,23,383,69,"329,592","10,579","31,154,867",Asia
Caribbean Netherlands,"11,676",,38,,"10,476",,"1,162",,"438,173","1,426","30,126","1,130,559","26,647",North America
Sint Maarten,"11,020",,91,,"10,905",,24,,"250,648","2,070","62,056","1,411,454","43,966",North America
Eritrea,"10,189",,103,,"10,086",,0,,"2,782",28,"23,693","6,470","3,662,244",Africa
Niger,"9,931",,312,,"8,890",,729,1,381,12,"254,538","9,759","26,083,660",Africa
St. Vincent Grenadines,"9,589",,123,,"9,466",,0,,"85,961","1,103","113,703","1,019,292","111,551",North America
Antigua and Barbuda,"9,106",,146,,"8,954",,6,1,"91,509","1,467","18,901","189,943","99,509",North America
Comoros,"9,001",,161,,"8,838",,2,,"9,919",177,,,"907,419",Africa
Guinea-Bissau,"8,960",,176,,"8,660",,124,6,"4,342",85,"145,231","70,385","2,063,367",Africa
Liberia,"8,090",,295,,"7,783",,12,2,"1,525",56,"139,824","26,356","5,305,117",Africa
Sierra Leone,"7,760",,126,,,,,,934,15,"259,958","31,296","8,306,436",Africa
Chad,"7,678",,194,,"4,874",,"2,610",,441,11,"191,341","10,988","17,413,580",Africa
British Virgin Islands,"7,305",,64,,,,,,"238,757","2,092","107,339","3,508,269","30,596",North America
Cook Islands,"7,030",,2,,"7,027",,1,,"400,091",114,"19,690","1,120,596","17,571",Australia/Oceania
Saint Kitts and Nevis,"6,597",,47,,"6,548",,2,,"122,459",872,"126,932","2,356,221","53,871",North America
Turks and Caicos,"6,551",,38,,"6,491",,22,4,"164,842",956,"611,527","15,387,811","39,741",North America
Sao Tome and Principe,"6,281",,77,,"6,204",,0,,"27,587",338,"29,036","127,530","227,679",Africa
Palau,"5,989",,9,,"5,976",,4,,"328,470",494,"69,136","3,791,806","18,233",Australia/Oceania
St. Barth,"5,439",,6,,,,,,"546,908",603,"78,646","7,908,095","9,945",North America
Nauru,"5,247",,1,,"5,075",,171,,"481,244",92,"20,509","1,881,042","10,903",Australia/Oceania
Kiribati,"5,013",,18,,"2,703",,"2,292",3,"40,618",146,,,"123,419",Australia/Oceania
Anguilla,"3,904",,12,,"3,879",,13,4,"256,336",788,"51,382","3,373,736","15,230",North America
Macao,"3,514",,121,,"3,391",,2,,"5,264",181,"7,850","11,760","667,490",Asia
Saint Pierre Miquelon,"3,452",,2,,"2,449",,"1,001",1,"599,410",347,"25,400","4,410,488","5,759",North America
Wallis and Futuna,"3,427",,7,,438,,"2,982",,"312,056",637,"20,508","1,867,419","10,982",Australia/Oceania
Tuvalu,"2,805",, ,,,,"2,805",,"232,471",,,,"12,066",Australia/Oceania
Saint Helena,"2,166",, ,,2,,"2,164",,"354,211",,,,"6,115",Africa
Falkland Islands,"1,930",, ,,"1,930",,0,,"545,352",,"8,632","2,439,107","3,539",South America
Montserrat,"1,403",,8,,"1,376",,19,,"282,578","1,611","17,762","3,577,442","4,965",North America
Niue,791,, ,,790,1,1,,"487,670",,,,"1,622",Australia/Oceania
Diamond Princess,712,,13,,699,,0,,,,,, ,
Vatican City,29,, ,,29,,0,,"36,295",,,,799,Europe
Western Sahara,10,,1,,9,,0,,16,2,,,"626,161",Africa
MS Zaandam,9,,2,,7,,0,,,,,, ,
Tokelau,5,, ,,,,5,,"3,628",,,,"1,378",Australia/Oceania
China,"503,302",,"5,272",,"379,053",,"118,977",,347,4,"160,000,000","110,461","1,448,471,400",Asia
